"name","claimvalues","cpos","cdate","quote","parties","doc_id","rowid"
"Hans-Peter Friedrich","[100,190]",-1,2015-09-11,"Der frühere Bundesinnenminister Hans Peter Friedrich legte nach und bezeichnet die Entscheidung  die Flüchtlinge aus Ungarn unregistriert ins Land zu lassen  als   beispiellose politische Fehlleistung   der Bundesregierung  auch weil eine schwer abschätzbare Zahl von IS Kämpfern und islamistischen Schläfern sei ","CSU",120964,"C1"
"Thomas Oppermann","[700,701]",-1,2015-09-11," Und SPD Fraktionschef Thomas Oppermann kritisierte    Da soll nur zusätzlich Angst geschürt werden    dabei habe CSU auch keine Antwort auf die Probleme","SPD",120964,"C2"
"Hans-Peter Friedrich","[100,105]",1,2015-09-11,"Der frühere Bundesinnenminister Hans Peter Friedrich legte nach und bezeichnet die Entscheidung  die Flüchtlinge aus Ungarn unregistriert ins Land zu lassen  als   beispiellose politische Fehlleistung   der Bundesregierung  auch weil eine schwer abschätzbare Zahl von IS Kämpfern und islamistischen Schläfern sei ","CSU",120964,"C3"
"Angela Merkel","[100,102]",-1,2015-09-11," Das Grundrecht auf Asyl für politisch Verfolgte kennt keine Obergrenze    verkündete Merkel ebenfalls per Interview ","CDU",120964,"C4"
"Angela Merkel","[100,102]",-1,2015-09-11,"Die lehnt es ab  die Aufnahme von Flüchtlingen zu begrenzen ","CDU",120964,"C5"
"Claudia Roth","[100,105]",-1,2015-09-11,"Bundestagsvizepräsidentin Claudia Roth  Grüne  bezeichnete Friedrichs Äußerungen als   vollkommenen Blödsinn   und   furchtbar    ","Green",120964,"C6"
"Jens Spahn","[700,707]",1,2015-09-03,"Aber Armutsauswanderung ist eben keine Flucht und damit kein Asylgrund ","CDU",145799,"C7"
"Jens Spahn","[500,504]",1,2015-09-03,"Wenn auch die EU hoffentlich bald sichere Herkunftsländer definiert haben wird  dann sollte man nicht schlauer sein wollen als die EU ","CDU",145799,"C8"
"CDU","[800,812]",1,2015-09-03,"Die Verfahren sollen bereits in den Erstaufnahmeeinrichtungen forciert werden  etwa durch Außenstellen von Gerichten ","CDU",145799,"C9"
"SPD","[800,812]",1,2015-09-03,"Die Verfahren sollen bereits in den Erstaufnahmeeinrichtungen forciert werden  etwa durch Außenstellen von Gerichten ","SPD",145799,"C10"
"Jens Spahn","[300,302,399,600,601]",1,2015-09-03,"Und deutlich frühere Integration  inklusive Deutschkursen und Arbeitssuche  für diejenigen  die als Flüchtlinge länger oder für immer bleiben werden ","CDU",145799,"C11"
"Jens Spahn","[100,101]",1,2015-09-03," Eine Einwanderung ohne klare Jobperspektive jedenfalls geht nicht ","CDU",145799,"C12"
"Jens Spahn","[700,709]",-1,2015-09-03,"Die Teilnahme an einer NPD Demo etwa geht gar nicht ","CDU",145799,"C13"
"CDU","[500,504]",1,2015-09-03,"Sichere Herkunftsländer  Die Koalition möchte drei weitere Balkanstaaten zu sicheren Herkunftsländern erklären  nämlich Albanien  Kosovo und Montenegro ","CDU",145799,"C14"
"SPD","[500,504]",1,2015-09-03,"Sichere Herkunftsländer  Die Koalition möchte drei weitere Balkanstaaten zu sicheren Herkunftsländern erklären  nämlich Albanien  Kosovo und Montenegro ","SPD",145799,"C15"
"CSU","[200,207,800,812]",1,2015-09-03,"Abschiebungen  Union und SPD wollen Asylverfahren beschleunigen  geplant sind drei Monate statt bisher neun ","CSU",145799,"C16"
"CDU","[200,207,800,812]",1,2015-09-03,"Abschiebungen  Union und SPD wollen Asylverfahren beschleunigen  geplant sind drei Monate statt bisher neun ","CDU",145799,"C17"
"SPD","[200,207,800,812]",1,2015-09-03,"Abschiebungen  Union und SPD wollen Asylverfahren beschleunigen  geplant sind drei Monate statt bisher neun ","SPD",145799,"C18"
"Jens Spahn","[700,712]",1,2015-09-03," Viel entscheidender ist die gesellschaftliche Diskussion über Zuwanderung  wir brauchen eine Änderung des Blickwinkels ","CDU",145799,"C19"
"Jens Spahn","[500,504,800,812]",1,2015-09-03,"Schnellere und zentrale Verfahren für die höchstwahrscheinlich erfolglosen Asylanträge aus dem Balkan ","CDU",145799,"C20"
"Jens Spahn","[700,710]",-1,2015-09-03," Im Gegenzug werde ich als Nazi beschimpft  weil ich etwas gegen vermummte Linksextremisten habe ","CDU",145799,"C21"
"Jens Spahn","[700,712]",1,2015-09-03,"Die Kunst ist  berechtigten Fragen ernsthaft zu begegnen  ohne billig nach dem Mund zu reden  Zu viele haben den Eindruck  sie können ihre Sorgen nicht mehr vorbringen  Zuhören und argumentieren  auch wenn da mal ein Satz quer liegt  bei dem die politisch korrekte Hauptstadtszene sofort zusammenzuckt ","CDU",145799,"C22"
"Ministerpräsidenten der Länder","[800,805]",1,2015-09-10,"Bundesregierung muss für den Ausgleich und die Flüchtlingshilfe zuschießen","NA",124426,"C23"
"Hans-Günter Henneke","[600,605]",-1,2015-09-10,"So hatte der Hauptgeschäftsführer des Deutschen Landkreistages  Hans Günter Henneke  in der letzten Woche verlangt  für die Dauer von drei Monaten bei Flüchtlingen auf den Mindestlohn zu verzichten ","NA",124424,"C24"
"Wolfgang Schäuble","[800,804]",1,2015-09-10,"Bundesfinanzminister Wolfgang Schäuble will angesichts des starken Zuzugs von Flüchtlingen     Zollbeamte zum Bundesamt für Migration und Integration  Bamf  sowie zur Bundespolizei abordnen ","CDU",124424,"C25"
"Industrie","[600,605]",-1,2015-09-10,"Schäubles Abordnung kommt inmitten von Forderungen aus Industrie und Verwaltung  den Mindestlohn für Flüchtlinge zumindest teilweise auszusetzen ","NA",124424,"C26"
"Verwaltung","[600,605]",-1,2015-09-10,"Schäubles Abordnung kommt inmitten von Forderungen aus Industrie und Verwaltung  den Mindestlohn für Flüchtlinge zumindest teilweise auszusetzen ","NA",124424,"C27"
"Peter Kulitz","[600,605]",-1,2015-09-10,"Peter Kulitz  Präsident des baden württembergischen Industrie  und Handelskammertags  sprach sich sogar generell gegen einen Mindestlohn für Flüchtlinge aus   ","NA",124424,"C28"
"Reiner Hoffmann","[600,606]",-1,2015-09-10,"Dagegen warnte DGB Chef Reiner Hoffmann am Donnerstag davor  Menschen in finanzieller Notlage als billige Arbeitskräfte auszunutzen ","SPD",124424,"C29"
"Wolfgang Schäuble","[800,804]",1,2015-09-10,"Schäuble  Flüchtlingsarbeit statt Mindestlohnkontrolle","CDU",124424,"C30"
"Reiner Hoffmann","[600,605]",1,2015-09-10,"Eine Aussetzung des Mindestlohns für Flüchtlinge sei mit den Gewerkschaften nicht zu machen  sagte er im SWR","SPD",124424,"C31"
"Michael Fischer","[600,605]",1,2015-09-10,"Michael Fischer  Verdi Bereichsleiter Politik  argumentierte ähnlich ","NA",124424,"C32"
"Wolfgang Schäuble","[800,804]",1,2015-09-10," Finanzminister will Zollbeschäftigte abziehen ","CDU",124424,"C33"
"Peter Kulitz","[600,605]",-1,2015-09-10,"Das Vermitteln und Erlernen unserer Kultur und von Umgangsweisen in Alltagssituationen  die eine Teilhabe an unserer Gesellschaft erst möglich machen  darf nicht durch eine starre Anwendung bürokratischer Mindestlohnregelungen verhindert werden    so Kulitz ","NA",124424,"C34"
"Michael Fischer","[800,809]",1,2015-09-10,"Er forderte daher stärkere Kontrollen der Mindestarbeitsbedingungen ","NA",124424,"C35"
"Ungarn","[500,501]",-1,2015-09-04,"Erst am Freitag hatten die so genannten Vizegrad Staaten  Ungarn  Polen  Tschechien und Slowakei  ihr Nein zur Aufnahme weiterer Flüchtlinge bekräftigt ","NA",109406,"C36"
"Polen","[500,501]",-1,2015-09-04,"Erst am Freitag hatten die so genannten Vizegrad Staaten  Ungarn  Polen  Tschechien und Slowakei  ihr Nein zur Aufnahme weiterer Flüchtlinge bekräftigt ","NA",109406,"C37"
"Tschechien","[500,501]",-1,2015-09-04,"Erst am Freitag hatten die so genannten Vizegrad Staaten  Ungarn  Polen  Tschechien und Slowakei  ihr Nein zur Aufnahme weiterer Flüchtlinge bekräftigt ","NA",109406,"C38"
"Slowakei","[500,501]",-1,2015-09-04,"Erst am Freitag hatten die so genannten Vizegrad Staaten  Ungarn  Polen  Tschechien und Slowakei  ihr Nein zur Aufnahme weiterer Flüchtlinge bekräftigt ","NA",109406,"C39"
"baltischen Staaten","[500,501]",-1,2015-09-06,"Auch die baltischen Staaten lehnen eine verpflichtende Quote ab ","NA",109406,"C40"
"David Cameron","[500,501]",1,2015-09-06,"Selbst der britische Premier David Cameron  der sich bisher als Mr Gnadenlos präsentiert hatte  hat sich unter dem Eindruck von Schockfotos eines ertrunkenen Flüchtlingskinds am Strand von Bodrum zur Aufnahme weiterer Syrer bereit erklärt ","NA",109406,"C41"
"Deutschland","[500,501]",1,2015-09-06,"Deutschland und Frankreich stehen zwar hinter Junckers Quotierungsplänen ","NA",109406,"C42"
"Frankreich","[500,501]",1,2015-09-06,"Deutschland und Frankreich stehen zwar hinter Junckers Quotierungsplänen ","NA",109406,"C43"
"28 Außenminister","[100,109]",1,2015-09-06,"Einig waren sich die    Außenminister nur darin  stärker gegen Schlepper vorzugehen ","NA",109406,"C44"
"Jean-Claude Juncker","[500,501]",1,2015-09-09,"Erst am Mittwoch will Kommissionschef Jean Claude Juncker seine neuen Pläne für eine gerechtere Verteilung der Flüchtlinge enthüllen  Dabei sind die wichtigsten Details längst durchgesickert  Noch einmal         Migranten möchte Juncker auf die EU Staaten verteilen  zusätzlich zu den bereits im Mai vorgeschlagenen        Menschen ","NA",109406,"C45"
"Deutschland","[100,109]",1,2015-09-06,"Deutschland will sich beteiligen  allerdings muss zunächst noch der Bundestag zustimmen ","NA",109406,"C46"
"Deutschland","[500,501]",1,2015-09-06," Nicht einmal ein Sondergipfel ist geplant  wie ihn Berlin und Wien vehement fordern  ","NA",109406,"C47"
"Österreich","[500,501]",1,2015-09-06," Nicht einmal ein Sondergipfel ist geplant  wie ihn Berlin und Wien vehement fordern  ","NA",109406,"C48"
"Viele Staaten","[100,104]",1,2015-09-06,"  Viele Staaten lehnen eine Flüchtlingsaufnahme ab ","NA",109406,"C49"
"EU","[100,109]",1,2015-09-06,"Einigkeit besteht nur im Vorgehen gegen Schlepper","NA",109406,"C50"
"Ungarn","[100,104]",1,2015-09-06," Ungarn will schon bald seine Grenze dicht machen","NA",109406,"C51"
"Miroslav Lajcák","[100,104,105]",1,2015-09-06,"Der slowakische Außenminister Miroslav Lajcák  der zu den Hardlinern zählt  warnte vor einer   Sogwirkung   und einer   Einladung   an die Flüchtlinge  wenn Europa die Regeln zu Grenzsicherung und Asyl über Bord werfe","NA",109406,"C52"
"Bundesinnenministerium","[200,207]",1,2015-09-09,"Das Ministerium drängte auf eine noch konsequentere Abschiebung abgelehnter Bewerber ","NA",119305,"C53"
"Markus Ihle","[100,101,500,501]",1,2015-09-08,"Es brauche Einrichtungen an den EU Außengrenzen  um legal einreisen zu können  findet Ihle  der auch Chef der Ortsteil CSU ist ","CSU",138151,"C54"
"Bernhard Krüsken","[600,603]",1,2015-09-14,"  Die Beschäftigung von Flüchtlingen in der Landwirtschaft ist absolut sinnvoll  Wenn wir mehr Möglichkeit hätten  würden wir das auch begrüßen    sagte der Generalsekretär der Deutschen Bauernverbandes  Bernhard Krüsken  der taz ","NA",141014,"C55"
"Bernhard Krüsken","[600,603]",1,2015-09-14,"Flüchtlinge müssten zu den gleichen Bedingungen arbeiten können wie die regulären Saisonarbeitskräfte   die jetzt schon in Deutschland tätig sind     forderte der Generalsekretär  ","NA",141014,"C56"
"Bernhard Krüsken","[600,603]",1,2015-09-14," Wir wünschen uns  dass die Hürden  die das Asylrecht vorsieht  deutlich gesenkt werden ","NA",141014,"C57"
"Bernhard Krüsken","[600,605]",1,2015-09-14," Wir haben den Mindestlohn  Der gilt auch für Flüchtlinge   ","NA",141014,"C58"
"die Tante  des ertrunkenen syrischen Flüchtlingsjungen Ailan Kurdi","[100,111]",1,2015-09-14,"Dem Sterben im Mittelmeer müsse ein Ende bereitet werden  forderte sie auf dem Schuman Platz im Brüsseler Europaviertel ","NA",141042,"C59"
"Robert Kalinak","[500,501]",-1,2015-09-14," Doch Quoten für die geplante Verteilung von         weiteren Menschen lehne die Slowakei weiter ab  sagte Innenminister Robert Kalinak","NA",141042,"C60"
"Thomas de Maizière","[800,810]",1,2015-09-14,"Nötig seien genaue Zeitpläne  forderte der CDU Politiker in Brüssel    ","CDU",141042,"C61"
"Jean Asselborn","[500,501]",1,2015-09-14,"Wenn die EU sich nicht auf eine gemeinsame Strategie in der Flüchtlingsfrage einige  sei   Chaos die Folge","NA",141042,"C62"
"Stefan Ries","[800,808]",1,2015-09-14," Die Voraussetzung dafür ist  dass Politik und Wirtschaft jetzt noch enger zusammenarbeiten","NA",141020,"C63"
"Stefan Ries","[800,812]",1,2015-09-14,"Personalvorstand Stefan Ries fordert schnelle Asylverfahren","NA",141020,"C64"
"Stefan Ries","[800,812]",1,2015-09-14," Allerdings wünschen wir uns  dass die Verfahren beschleunigt werden ","NA",141020,"C65"
"Stefan Ries","[300,306]",1,2015-09-14,"Wir brauchen Menschen aus verschiedenen Kulturkreisen und Ländern ","NA",141020,"C66"
"Polen","[500,501]",-1,2015-09-14,"Auch Polen schaltete auf stur ","NA",141042,"C67"
"28  Europaminister","[100,106,500,508]",1,2015-09-14,"Die    Europaminister gaben grünes Licht für die zweite Phase des umstrittenen Militäreinsatzes vor der libyschen Küste ","NA",141042,"C68"
"Deutschland","[100,109]",1,2015-09-14,"Deutschland will sich mit zwei Booten beteiligen  allerdings muss der Bundestag noch zustimmen ","NA",141042,"C69"
"EU","[500,501]",1,2015-09-14,"Dann soll es noch zwei Jahre dauern  bis         Hilfesuchende nach einer von Brüssel überwachten Quote auf die EU Staaten verteilt werden ","NA",141042,"C70"
"EU","[100,109]",1,2015-09-14,"Ab Oktober sollen Schiffe von Menschenhändlern auf hoher See aufgebracht und Schleuser festgenommen werden ","NA",141042,"C71"
"Niederlande","[100,105]",1,2015-09-14,"Auch Polen und die Niederlande wollten das Schengen Abkommen aussetzen ","NA",141042,"C72"
"Polen","[100,105]",1,2015-09-14,"Auch Polen und die Niederlande wollten das Schengen Abkommen aussetzen ","NA",141042,"C73"
"Bundesregierung","[100,105,500,509]",1,2015-09-02,"Es gelte weiter  dass die Ankunftsländer zuständig seien  betont Berlin  drängt wieder auf Grenzkontrollen   und enttäuscht   die selbst geweckten Hoffnungen","NA",127859,"C74"
"Wolfgang Schäuble","[800,805]",1,2015-09-05,"Schäuble plant Nachtragsetat","CDU",109354,"C75"
"Wolfgang Schäuble","[800,805]",1,2015-09-06,"Finanzminister Wolfgang Schäuble  CDU  trifft Vorsorge  um die steigenden Kosten der Flüchtlingskrise finanzieren zu können ","CDU",109354,"C76"
"Ungarn","[100,104]",1,2015-09-06,"Ungarn will schon bald seine Grenze dicht machen","NA",109354,"C77"
"SPD","[900]",1,2015-09-08,"  Rot Rot in Brandenburg pocht darauf  dass die eigentlich für das Betreuungsgeld gedachten Mittel für Kitas verwendet werden ","SPD",138146,"C78"
"Linke","[900]",1,2015-09-08,"  Rot Rot in Brandenburg pocht darauf  dass die eigentlich für das Betreuungsgeld gedachten Mittel für Kitas verwendet werden ","Left",138146,"C79"
"SPD","[900]",1,2015-09-08,"Beide Fraktionen forderten die Landesregierung auf   sich auf Bundesebene dafür einzusetzen  ","SPD",138146,"C80"
"Linke","[900]",1,2015-09-08,"Beide Fraktionen forderten die Landesregierung auf   sich auf Bundesebene dafür einzusetzen  ","Left",138146,"C81"
"Blockupy","[100,190]",-1,2015-09-14,"Bei seinen künftigen Protesten will das Blockupy Bündnis  das bislang in erster Linie gegen die europäische Sparpolitik gekämpft hat  den Fokus ebenfalls verstärkt auf die Migrationspolitik legen ","NA",140981,"C82"
"Blockupy","[700,708]",1,2015-09-14,"Nach den teils gewalttätigen Ausschreitungen bei den sogenannten Blockupy Blockaden im März in Frankfurt am Main ruft das kapitalismuskritische Bündnis nun zu weiteren Protesten auf ","NA",140981,"C83"
"Hannah Eberle","[700,708]",1,2015-09-14,"Sprecherin Hannah Eberle sagte am Montag    Wer ein Europa von unten haben will  hat jetzt die Aufgabe  sich an die Seite der Geflüchteten zu stellen  ","NA",140981,"C84"
"Blockupy","[900]",1,2015-09-14,"Aus Protest gegen das geplante transatlantische Freihandelsabkommen TTIP soll dann außerdem fünf Tage lang in Brüssel ein   No TTIP Camp   eingerichtet werden  ","NA",140981,"C85"
"SPD","[900]",1,2015-09-08,"Beide Fraktionen forderten die Landesregierung auf   sich auf Bundesebene dafür einzusetzen  ","SPD",138146,"C86"
"Linke","[900]",1,2015-09-08,"Beide Fraktionen forderten die Landesregierung auf   sich auf Bundesebene dafür einzusetzen  ","Left",138146,"C87"
"Katrin Göring-Eckardt","[700,703]",-1,2015-09-11,"afp   taz   Die Grünen Fraktionschefin Katrin Göring Eckardt ist nach rechten Hetzparolen wegen ihres Einsatzes für Flüchtlinge in die Offensive gegangen  ","Green",120979,"C88"
"Thilo Sarrazin","[100,110]",-1,2015-09-14,"Notorische   Asylkritiker   kamen dagegen kaum zu Wort   Thilo Sarrazin musste sogar auf die bürgerliche Zeit ausweichen   um seine plakative Forderung unterzubringen   Flüchtlingsboote zu versenken   die Bild zitierte ihn damit nicht einmal  ","SPD",140956,"C89"
"Bild-Zeitung","[700,705]",1,2015-09-14,"Nicht nur dass sie den Antifa Slogan   Refugees Welcome   kaperte und für sich übernahm   mit ihrer   Wir helfen   Aktion im   Ein Herz für Kinder   Stil setzten sie noch eins drauf und brachte gleich mehrere Minister wie SPD Chef Sigmar Gabriel dazu  sich den Slogan als Button ans Revers zu heften ","NA",140956,"C90"
"Bild-Zeitung","[700,701,703]",-1,2015-09-14,"Doch seit Pegida und Heidenau unterstützt das Blatt sogar die Bemühungen von Politikern  die   Hetze gegen Flüchtlinge   zu stoppen  und wirft jetzt Facebook vor  nicht genug gegen Hasskommentare zu unternehmen ","NA",140956,"C91"
"Bild-Zeitung","[100,102,105]",1,2015-09-14,"Am Montag lag das Boulevardblatt auch in Sachen Grenzkontrollen wieder ganz auf Regierungslinie  redete auf seiner Titelseite von   Flüchtlings Chaos    von einem   Massenansturm   und einer   Notbremse    die gezogen werden müsse   alles alarmistische Signalworte  die es in den vergangenen Wochen sorgsam vermieden hatte ","NA",140956,"C92"
"BAMF","[200,207,500,509]",-1,2015-09-06,"Am Wochenende zuvor war bekannt geworden  dass das Bundesamt für Migration in Deutschland davon absieht  geflohene Syrer in andere EU Länder abzuschieben ","NA",109427,"C93"
"Einwohner","[200,202]",-1,2015-09-01,"Als das Land Sachsen eine Fabrik kurzfristig zum Erstaufnahmelager bestimmte  blockierten Einwohner die Zufahrt ","NA",109657,"C94"
"Martin Patzelt","[200,206]",1,2015-09-01,"Deshalb bin ich gegen Gemeinschaftsunterkünfte und für privaten Wohnraum für Flüchtlinge ","CDU",126203,"C95"
"Martin Patzelt","[200,203]",-1,2015-09-01,"Deshalb bin ich gegen Gemeinschaftsunterkünfte und für privaten Wohnraum für Flüchtlinge ","CDU",126203,"C96"
"Viktor Orban","[100,107]",1,2015-09-03,"   September  Orbán kündigt neben dem Zaun an der ungarisch serbischen Grenze den Bau eines weiteren Zauns an der Grenze zu Kroatien an ","NA",140873,"C97"
"taz","[100,108]",1,2015-09-01," Die taz stellt deshalb ein liberales Einwanderungsgesetz zur Diskussion","NA",126302,"C98"
"Bundesregierung","[800,805]",1,2015-09-10,"Die Bundesregierung stellt     Millionen Euro zur Unterstützung freiwilliger Flüchtlingshelfer bereit ","NA",124431,"C99"
"EU-Kommission","[800,801]",1,2015-09-03,"In Brüssel kommt Orbán mit seiner Verweigerungshaltung allerdings nicht weit  Während die EU Kommission beim Bau des Grenzzauns noch beide Augen zudrückte  will sie Orbán nun zur Einhaltung des EU Rechts ermahnen ","NA",145806,"C100"
"Angela Merkel","[100,190]",1,2015-09-03,"  Deutschland tut das  was moralisch und was rechtlich geboten ist  Und nicht mehr und nicht weniger    kommentierte Bundeskanzlerin Angela Merkel die Auslassungen des ungarischen Regierungschefs   ","CDU",145806,"C101"
"Viktor Orban","[100,107,200,215]",1,2015-09-03,"Wie ernst es Orbán meint  zeigen seine jüngsten Pläne  Nach dem Bau eines Grenzzauns zu Serbien will er nun auch noch eine   Transitzone   hinter der Grenze einrichten und die Gesetze verschärfen ","NA",145806,"C102"
"Viktor Orban","[500,501]",-1,2015-09-03,"Gleichzeitig stemmt sich Orbán gegen die Einrichtung eines   Hotspots   zur Registrierung von Asylbewerbern  die die EU Kommission in Ungarn plant ","NA",145806,"C103"
"Viktor Orban","[500,501]",-1,2015-09-03," Das Problem ist kein europäisches Problem  das Problem ist ein deutsches Problem  niemand will in Ungarn bleiben  Alle wollen nach Deutschland    sagte er ","NA",145806,"C104"
"Volker Kauder","[500,509,800,801]",1,2015-09-03,"Ungarn müsse sich an das Dubliner Abkommen zur Aufnahme von Flüchtlingen halten  sagte er ","CDU",145806,"C105"
"Herbert Reul","[800,899]",1,2015-09-03,"Auch verbal muss Orbán abrüsten  fordert der CDU Europaabgeordnete Herbert Reul    Es muss endlich Schluss sein mit ungerechtfertigten Schuldzuweisungen  die das Klima vergiften und die so bitter notwendige Solidarität aller EU Staaten aufs Spiel setzen  ","CDU",145806,"C106"
"Herbert Reul","[500,501]",1,2015-09-03,"Die Bewältigung der Flüchtlingskrise sei sehr wohl eine Aufgabe für die gesamte EU und nicht nur ein   deutsches Problem   ","CDU",145806,"C107"
"Neoliberale","[100,105]",-1,2015-09-11,"Neoliberale befürworten offene Grenzen  weil sie sich durch Migration Druck auf Löhne versprechen ","NA",121071,"C108"
"Klaus F. Zimmermann","[600,604]",1,2015-09-11,"Deshalb müsste die EU über zirkuläre Arbeitsmigration nachdenken  befristete Verträge mit Menschen etwa vom Westbalkan ","NA",121071,"C109"
"Martin Reeh","[500,503]",1,2015-09-06," Und drittens wäre es gut  sie kümmerten sich um die Fluchtursachen ebenso wie um die Flüchtlinge ","NA",109403,"C110"
"Anne Hidalgo","[700,705]",1,2015-09-14," Wir  die Städte Europas  heißen die Flüchtlinge willkommen ","NA",141051,"C111"
"Spyros Galinos","[700,705]",1,2015-09-14," Wir  die Städte Europas  heißen die Flüchtlinge willkommen ","NA",141051,"C112"
"Ada Colau","[700,705]",1,2015-09-14," Wir  die Städte Europas  heißen die Flüchtlinge willkommen ","NA",141051,"C113"
"Jean-Claude Juncker","[500,501]",1,2015-09-07,"Deutschland wird auch künftig die meisten Flüchtlinge in Europa aufnehmen  Dies geht aus den Plänen hervor  die EU Kommissionspräsident Jean Claude Juncker am Mittwoch in Straßburg vorstellen will ","NA",115238,"C114"
"Angela Merkel","[500,501]",1,2015-09-07,"Trotz dieser Probleme unterstützt Merkel die Brüsseler Pläne  Junckers Rede am Mittwoch werde gerade in den osteuropäischen Staaten eine   gewisse Dynamik   entfachen  zeigte sich die Kanzlerin vorsichtig optimistisch","CDU",115238,"C115"
"Mürvet Öztürk","[300,302,600,601]",1,2015-09-09,"Wir haben uns zum Beispiel zu wenig um niedrigschwellige Deutschkurse in den Erstaufnahmeeinrichtungen oder die Einbeziehung auf dem Arbeitsmarkt gekümmert ","Green",119333,"C116"
"Mürvet Öztürk","[500,504]",-1,2015-09-09,"Ich halte die Ausweitung der sicheren Herkunftsstaaten  die aktuell diskutiert wird  für Unfug ","Green",119333,"C117"
"EU","[500,501]",1,2015-09-07,"EU plant Umverteilung mit Hintertür","NA",115238,"C118"
"Gregor Gysi","[500,503]",1,2015-09-09," Krieg muss überwunden werden  wenn man nicht will  dass Menschen fliehen ","Left",119364,"C119"
"Angela Merkel","[300,399]",1,2015-09-09,"Wir sollten von Anfang an der Integration allerhöchste Priorität einräumen ","CDU",119364,"C120"
"Angela Merkel","[200,207,800,812]",1,2015-09-09,"Abgelehnte Asylbewerber werde Deutschland in Zukunft   schneller und konsequenter   als bislang abschieben ","CDU",119364,"C121"
"Angela Merkel","[700,714]",1,2015-09-09,"Parallelgesellschaften werde sie nicht zulassen  fügte sie hinzu  ","CDU",119364,"C122"
"Max Straubinger","[200,207]",1,2015-09-09,"Der Parlamentarische Geschäftsführer der CSU im Bundestag will syrische Flüchtlinge zurückschicken ","CSU",119376,"C123"
"LUCIA ALEKNA-HANSEN","[800,801]",1,2015-09-07," Ich finde es besser  sich in Fragen zur Geschlechtergerechtigkeit an das Grundgesetz zu halten    LUCIA ALEKNA HANSEN","NA",115293,"C124"
"MARC SCHLICHTHERLE","[800,804,805]",1,2015-09-07,"Des weiteren brauchen wir finanziell und personell gut ausgestattete öffentliche Institutionen  die die dauerhaften Herausforderungen annehmen  die durch die flüchtenden Menschen gestellt werden und eben nicht von permanenten Freiwilligen bewältigt werden können ","NA",115293,"C125"
"MARC SCHLICHTHERLE","[800,805]",1,2015-09-07,"Es braucht außerdem sehr viel Geld und sehr viel Zeit  Beides muss investiert werden","NA",115293,"C126"
"François Hollande","[500,501]",1,2015-09-07,"Zusammen mit Deutschland wird Frankreich darauf bestehen  dass bei der Aufteilung von rund         Flüchtlingen  vorwiegend aus Syrien    obligatorisch   jedes Mitgliedsland nach einem vom EU Kommissionspräsident Juncker festgelegten Schlüssel seinen Anteil leistet  Sein Land sei bereit dazu  betonte Hollande  der zusätzlich        Flüchtlinge aufnehmen will ","NA",115294,"C127"
"Große Koalition","[800,805]",1,2015-09-07,"Große Koalition einig  Ausgaben werden zunächst verdoppelt","NA",115316,"C128"
"Angela Merkel","[500,501,800,803]",1,2015-09-07,"Merkel forderte nun auch eine   Kraftanstrengung der Europäischen Union    Wichtig sei eine   solidarische und faire Verteilung der Flüchtlinge    sagte sie ","CDU",115316,"C129"
"Bundesregierung","[800,805]",1,2015-09-07,"Demnach wird  der Bund die Mittel für Flüchtlinge im Haushalt      um   Milliarden Euro erhöhen ","NA",115316,"C130"
"Bundesregierung","[200,202,800,807]",1,2015-09-07,"Um den Bau neuer Asylbewerberunterkünfte zu beschleunigen  plant die Bundesregierung  Bauvorschriften zu lockern ","NA",115321,"C131"
"Angela Merkel","[800,807]",1,2015-09-07,"Bundeskanzlerin Angela Merkel sagte    Deutsche Gründlichkeit ist super  aber es wird jetzt deutsche Flexibilität gebraucht  ","CDU",115321,"C132"
"UWE BARKOW","[700,702]",1,2015-09-09,"Genau jetzt erwartet man klare Worte aller VertreterInnen der führenden Religionen gegen diese unmenschliche Behandlung der Schwächsten ","NA",119424,"C133"
"Bekir Altas","[300,314]",1,2015-09-10,"Zudem sollten an islamischen Privatschulen Plätze für Flüchtlingskinder geschaffen werden ","NA",124444,"C134"
"Große Koalition","[500,504]",1,2015-09-08,"Die Große Koalition will das Kosovo  Albanien und Montenegro zu sicheren Herkunftsstaaten erklären und damit die Ablehnung von Asylbewerbern aus diesen Ländern vereinfachen ","NA",138110,"C135"
"Feine Sahne  Fischfilet","[700,705]",1,2015-09-04,"Und am heutigen Samstag spielt die Skapunk Band Feine Sahne Fischfilet mit den Donots in Bitterfeld  um Flüchtlinge willkommen zu heißen   auch diese beiden Bands sind unter den Unterzeichnern ","NA",132028,"C136"
"Donots","[700,705]",1,2015-09-04,"Und am heutigen Samstag spielt die Skapunk Band Feine Sahne Fischfilet mit den Donots in Bitterfeld  um Flüchtlinge willkommen zu heißen   auch diese beiden Bands sind unter den Unterzeichnern ","NA",132028,"C137"
"Udo Lindenberg","[700,703]",-1,2015-09-04,"Udo Lindenberg hat ein Konzert am    Oktober vor dem Reichstag angekündigt   für die bunte Republik  gegen Flüchtlingshass  gegen die Idioten  die da rumstolpern    wie er sagte ","NA",132028,"C138"
"Breitkopf","[700,708]",1,2015-09-04,"Gleichzeitig richtet sich der Appell auch an die Zivilgesellschaft  die mehr als je gebraucht werde ","NA",132028,"C139"
"Breitkopf","[400,402]",1,2015-09-04,"An erster Stelle steht in dem Aufruf die Forderung nach mehr Polizeischutz für Flüchtlingsheime  insbesondere in den Provinzen ","NA",132028,"C140"
"Breitkopf","[800,805]",1,2015-09-04,"Man müsse sofort mehr Geld für Unterkünfte und Integrationsmaßnahmen zur Verfügung stellen ","NA",132028,"C141"
"Thomas Galli","[600,602,700,715]",1,2015-09-02,"Nicht nur die Flüchtlinge kommen zu uns  weil sie uns brauchen  sondern auch wir können sie brauchen  etwa als Menschen  die unseren Horizont erweitern  als Arbeitskräfte oder als Teil der Vernetzung in einer sich globalisierenden Welt","NA",127732,"C142"
"Thomas Galli","[700,712]",1,2015-09-02,"Das alles muss stärker als bislang herausgearbeitet und kommuniziert werden  statt der Versuchung zu verfallen  allzu leicht oberflächlichen Profit aus einer Kritik an den Rechten und dem Ruf nach Strafe zu schlagen ","NA",127732,"C143"
"Thomas Galli","[700,703]",-1,2015-09-02,"Auf Stimmungsmache gegen Flüchtlinge verzichten","NA",127732,"C144"
"Steffen Seibert","[500,501]",1,2015-09-02,"Man setze   auf die Kraft der Argumente    werbe überall in Europa für eine gemeinsame Lösung und sei   optimistisch  dass wir vorankommen werden   ","CDU",127800,"C145"
"Robert Fico","[500,501]",-1,2015-09-02,"Der slowakische Ministerpräsident Robert Fico meint   feste Quoten zur Umverteilung von Flüchtlingen innerhalb der EU würden   nur die organisierte Kriminalität   fördern  ","NA",127800,"C146"
"Johannes Dimroth","[500,509]",1,2015-09-02," Dublin gilt für alle    betonte der Sprecher des Bundesinnenministeriums  Johannes Dimroth  am Mittwoch in Berlin ","NA",127800,"C147"
"Polen","[100,104]",1,2015-09-02," Sie alle wollen nicht mehr Flüchtlinge aufnehmen ","NA",127800,"C148"
"Slowakei","[100,104]",1,2015-09-02," Sie alle wollen nicht mehr Flüchtlinge aufnehmen ","NA",127800,"C149"
"Tschechien","[100,104]",1,2015-09-02," Sie alle wollen nicht mehr Flüchtlinge aufnehmen ","NA",127800,"C150"
"Ungarn","[100,104]",1,2015-09-02," Sie alle wollen nicht mehr Flüchtlinge aufnehmen ","NA",127800,"C151"
"Johannes Dimroth","[500,509]",1,2015-09-02," Wir werden nicht müde  alle anderen daran zu erinnern    sagte der Ministeriumssprecher ","NA",127800,"C152"
"Milan Chovanec","[100,199]",-1,2015-09-02,"Der tschechische Innenminister Milan Chovanec schlug sogar vor  für Syrer einen humanitären Flüchtlingskorridor direkt nach Deutschland zu schaffen ","NA",127800,"C153"
"Jean-Claude Juncker","[500,509]",1,2015-09-02,"Das sieht auch die EU Kommission so  Ihr Präsident Jean Claude Juncker soll bereits Warnbriefe an mehrere Mitgliedsländer verschickt haben  in denen er sie drängt  sich an die geltenden Aufnahmeregeln zu halten  wonach Asylsuchende Unterkunft und Verpflegung erhalten und per Fingerabdruck erkennungsdienstlich erfasst werden ","NA",127800,"C154"
"Deutschland","[500,501,800,803]",1,2015-09-02,"Mittelfristig strebt man in Berlin und Brüssel aber neue Regelungen an  um Flüchtlinge in der EU in Zukunft gerechter zu verteilen ","NA",127800,"C155"
"EU-Kommission","[500,501,800,803]",1,2015-09-02,"Mittelfristig strebt man in Berlin und Brüssel aber neue Regelungen an  um Flüchtlinge in der EU in Zukunft gerechter zu verteilen ","NA",127800,"C156"
"Polen","[500,501]",-1,2015-09-14,"Neben der Slowakei und Tschechien hatten sich am Montag auch Polen und Ungarn gegen eine Pflicht zur Aufnahme von Flüchtlingen ausgesprochen ","NA",119621,"C157"
"EU-Kommission","[500,501]",1,2015-09-09,"Die EU Kommission unternimmt trotz des Widerstands einiger Länder einen neuen Anlauf  auf europäischer Ebene die Verteilung von Flüchtlingen nach einem festen und verbindlichen Schlüssel zu etablieren ","NA",119301,"C158"
"EU-Kommission","[500,501]",1,2015-09-09,"Kommission will Asylquote","NA",119301,"C159"
"Jean-Claude Juncker","[500,501]",1,2015-09-09,"Juncker appelliert  Zusammen durch die Krise","NA",119301,"C160"
"EU-Kommission","[100,101,500,501,503,800,812]",1,2015-09-09,"Flüchtlingsquoten  schnellere Asylverfahren  mehr Geld für Herkunftsländer  Die EU Kommission hat umfassende Pläne  zur Bewältigung der Flüchtlingskrise vorgestellt ","NA",119301,"C161"
"Jean-Claude Juncker","[800,808]",1,2015-09-09," Keine Lyrik  keine Rhetorik  Das Gebot der Stunde ist es  zu handeln    sagte Juncker    Wir sprechen nicht von Zahlen  sondern von Menschen   ","NA",119301,"C162"
"Sigmar Gabriel","[200,207,800,812]",1,2015-09-07,"Zudem sollen abgelehnte Asylbewerber künftig schneller abgeschoben werden  Ein Aufschub aus humanitären oder politischen Gründen soll statt für sechs nur noch für drei Monate möglich sein  ","SPD",115211,"C163"
"CDU","[500,504]",1,2015-09-07,"Und solche sicheren Herkunftsstaaten soll es in Zukunft noch mehr geben  Auch Kosovo  Albanien und Montenegro will die Koalition durch eine Gesetzesänderung zu Staaten erklären  in denen es keine politische Verfolgung gibt ","CDU",115211,"C164"
"CSU","[500,504]",1,2015-09-07,"Und solche sicheren Herkunftsstaaten soll es in Zukunft noch mehr geben  Auch Kosovo  Albanien und Montenegro will die Koalition durch eine Gesetzesänderung zu Staaten erklären  in denen es keine politische Verfolgung gibt ","CSU",115211,"C165"
"SPD","[500,504]",1,2015-09-07,"Und solche sicheren Herkunftsstaaten soll es in Zukunft noch mehr geben  Auch Kosovo  Albanien und Montenegro will die Koalition durch eine Gesetzesänderung zu Staaten erklären  in denen es keine politische Verfolgung gibt ","SPD",115211,"C166"
"Bundesregierung","[300,301,302,800,804,805,812]",1,2015-09-07,"Weitere   Milliarden Euro werden zusätzlich in den Bundeshaushalt eingestellt  unter anderem für zusätzliche Integrationsleistungen wie Deutschkurse und für neue Stellen beim Bundesamt für Migration und der Bundespolizei  die zur schnelleren Bearbeitung von Asylanträgen führen sollen ","NA",115211,"C167"
"Sigmar Gabriel","[200,212]",1,2015-09-07,"Darum sollen Flüchtlinge in den Erstaufnahmeeinrichtungen statt Bargeld künftig   so weit wie möglich   Sachleistungen erhalten   obwohl dies den Verwaltungsaufwand für Kommunen erheblich erhöht und damit im Gegensatz zur angestrebten Entlastung steht ","SPD",115211,"C168"
"Bundesregierung","[200,207,209,212,800,812]",1,2015-09-07,"Doch zugleich soll Deutschland weniger attraktiv werden   durch schnellere Abschiebungen  verschärfte Residenzpflicht und weniger Bargeld","NA",115211,"C169"
"CSU","[100,190]",-1,2015-09-01,"Nachdem die CSU zuvor deutlich Kritik an Merkel geübt hatte  weil sie der Aufnahme von Flüchtlingen aus Ungarn zugestimmt hatte ","CSU",115211,"C170"
"Winfried Kretschmann","[500,504]",1,2015-09-07,"Der baden württembergische Ministerpräsident Winfried Kretschmann  Die Grünen   der im letzten Jahr bereits zugestimmt hatte  als es um Serbien  Mazedonien und Bosnien Herzigowina ging  bezeichnete die Beschlüsse als   ordentliche   Verhandlungsgrundlage ","Green",115211,"C171"
"Bundesregierung","[800,805]",1,2015-09-07,"Der Bund stellt sechs Milliarden für Flüchtlingshilfe zur Verfügung ","NA",115211,"C172"
"Große Koalition","[200,203,209]",1,2015-09-07,"Weiterhin planen Union und SPD  dass Flüchtlinge künftig bis zu sechs Monate in den Erstaufnahmeeinrichtungen bleiben und den Landkreis währenddessen nicht verlassen dürfen ","NA",115211,"C173"
"Bundesregierung","[600,604]",1,2015-09-07,"Diesem Wunsch will die Regierung offenbar entgegenkommen  indem sie Bürgern der Balkanstaaten begrenzt das Arbeiten in Deutschland erlauben will  siehe rechts   ","NA",115211,"C174"
"Susanne Hennig-Wellsow","[700,702]",1,2015-09-09,"Der spricht von einer   menschenrechtsorientierten Flüchtlings  und Integrationspolitik   ","Left",119324,"C175"
"Bundesinnenministerium","[800,804]",1,2015-09-07,"Außerdem plant das Innenministerium in den kommenden drei Jahren       zusätzliche Stellen bei der Bundespolizei ein  um die Länder zu unterstützen ","NA",115221,"C176"
"Susanne Hennig-Wellsow","[200,203]",-1,2015-09-09,"Grüne und auch Linke Landes  und Fraktionschefin Susanne Hennig Wellsow lehnen eine solche Gemeinschaftsunterkunft ab ","Left",119324,"C177"
"Andreas Bausewein","[300,399]",-1,2015-09-09,"Während kommunale Sorgen noch Verständnis fanden  erntete vor allem Bauseweins Forderung  die Schulpflicht für Flüchtlingskinder bis zur Klärung ihres Aufenthaltsstatus auszusetzen  breiten Widerspruch ","SPD",119324,"C178"
"Bodo Ramelow","[200,203]",1,2015-09-09,"Ramelow will ein solches Massenquartier einrichten  für  Familien und für Flüchtlinge aus den Westbalkanstaaten ","Left",119324,"C179"
"Mürvet Öztürk","[100,190]",-1,2015-09-09,"Aus Protest gegen die grüne Asylpolitik hat sich Mürvet Özturk bereits aus der Grünen Fraktion in Hessen verabschiedet ","Green",119333,"C180"
"Andreas Bausewein","[200,207,800,812]",1,2015-09-09,"Flüchtlinge  die keine Chance auf Asylgewährung haben  sollten in Schnellverfahren abgeschoben werden ","SPD",119324,"C181"
"Mürvet Öztürk","[700,702]",1,2015-09-09,"Das Asylrecht ist ein Menschenrecht und darf nicht weiter ausgehöhlt werden ","Green",119333,"C182"
"Mürvet Öztürk","[100,108,600,601]",1,2015-09-09," Für diese Menschen muss man dann eben legale Statuswechsel ihres Aufenthalts ermöglichen und Arbeitsmöglichkeiten schaffen  wenn sie schon hier sind  Ein Einwanderungsgesetz ist gut und wichtig  doch bis es geschrieben und beschlossen ist  können wir nicht alle Schutzsuchenden aus dem Balkan abschieben ","Green",119333,"C183"
"Angela Merkel","[100,101,700,709]",-1,2015-09-05,"Das zeigt schon der zähe Wandel von Angela Merkel  die anfangs lange schwieg  die erst nach einem wahren Shitstorm in allen Medien klare Worte gegen die Nazis fand und die sich nun am Wochenende dazu hinreißen ließ  die Grenze zu öffnen ","CDU",115241,"C184"
"Initiative Aktion Arschloch","[700,703]",-1,2015-09-07,"Die private Initiative Aktion Arschloch ruft dazu auf  das    Jahre alte Lied   Schrei nach Liebe   von den Ärzten zu kaufen und damit ein Zeichen gegen Fremdenfeindlichkeit zu setzen ","NA",115242,"C185"
"Andrea Nahles","[600,603]",1,2015-09-07,"Bürger aus sechs Staaten des westlichen Balkan sollen sich ab nächstem Jahr leichter eine Arbeitsstelle in Deutschland suchen dürfen  Das hat die große Koalition am Sonntagabend auf Vorschlag von Arbeitsministerin Andrea Nahles  SPD  beschlossen ","SPD",115253,"C186"
"Andrea Nahles","[600,604]",1,2015-09-07,"Die Einzelheiten sind noch nicht geklärt  Ziel soll es aber sein  potenzielle Arbeitskräfte davon abzuhalten  in Deutschland politisches Asyl zu beantragen  Sie könnten dann einreisen und hier arbeiten  ohne einen für sie meist aussichtslosen Asylantrag stellen zu müssen  ","SPD",115253,"C187"
"Andrea Nahles","[300,307]",1,2015-09-07,"Die ArbeitnehmerInnen aus Südosteuropa dürften dann auch ihre Familienangehörigen mitbringen ","SPD",115253,"C188"
"Große Koalition","[300,302,800,805]",1,2015-09-07,"Um Asylsuchende  die bereits einen entsprechenden Antrag gestellt haben  schneller in den Arbeitsmarkt zu integrieren  verspricht die Koalition außerdem eine Aufstockung der Mittel für die Jobcenter und Deutschkurse ","NA",115253,"C189"
"Jean-Claude Juncker","[500,501]",1,2015-09-09,"Kommissionspräsident Jean Claude Juncker stellt Plan zur Verteilung von         Flüchtlingen auf die Mitgliedstaaten vor","NA",119350,"C190"
"Jean-Claude Juncker","[500,501]",1,2015-09-09,"Zusätzlich zu den bereits vorgeschlagenen        will Juncker weitere         Flüchtlinge auf die EU verteilen   das war schon seit Tagen bekannt ","NA",119350,"C191"
"Jean-Claude Juncker","[500,504]",1,2015-09-09,"Auch dass der Westbalkan und die Türkei zu   sicheren Herkunftsländern   erklärt werden sollen  hatte sich abgezeichnet","NA",119350,"C192"
"François Hollande","[500,501]",1,2015-09-09,"Zustimmung kommt auch aus Frankreich  Präsident François Hollande hatte schon am Montag angekündigt  das seinem Land zugewiesene Kontingent von        Flüchtlingen zu akzeptieren ","NA",119350,"C193"
"Miroslav Lajcák","[500,501]",-1,2015-09-09,"Der slowakische Außenminister Miroslav Lajcák  lehnte verpflichtende Quoten erneut ab ","NA",119350,"C194"
"Ewa Kopacz","[500,501]",1,2015-09-09,"Ministerpräsidentin Ewa Kopacz sagte nun aber zu  mehr Flüchtlinge als die angekündigten       aufzunehmen  ","NA",119350,"C195"
"Berlin","[500,504]",1,2015-09-09,"Vor allem Berlin hatte dies gefordert","NA",119350,"C196"
"Steffen Seibert","[500,501]",1,2015-09-09,"Beifall kam nur aus Berlin  Die Vorschläge gingen   genau in  die  richtige  Richtung    sagte Regierungssprecher Steffen Seibert ","CDU",119350,"C197"
"Bohuslav Sobotka","[500,501]",-1,2015-09-09,"Der tschechische Premier Bohuslav Sobotka sagte  Europa brauche keine neuen Vorschläge zur Lösung der Krise ","NA",119350,"C198"
"Andrzej Duda","[500,501]",-1,2015-09-09,"Der polnische Präsident Andrzej Duda hatte sich ebenfalls gegen Quoten ausgesprochen ","NA",119350,"C199"
"Pro Asyl","[200,203]",-1,2015-09-09,"Die Menschenrechtsorganisation kritisiert nicht nur die geplanten   Hot Spots    mit denen Asylbewerber in Italien  Griechenland und Ungarn   festgesetzt   werden sollten ","NA",119350,"C200"
"Pro Asyl","[500,501]",-1,2015-09-09,"Sie meldet auch Zweifel an der Umverteilung von Flüchtlingen an ","NA",119350,"C201"
"Jean-Claude Juncker","[500,501]",1,2015-09-09,"  Unsere Europäische Union befindet sich in keinem guten Zustand    warnte Juncker  In der Flüchtlingskrise gebe es zu wenig Europa und zu wenig   Union    aber viel zu viel Nationalismus und Egoismus ","NA",119350,"C202"
"Bohuslav Sobotka","[100,105,800,808]",1,2015-09-09,"Der tschechische Premier Bohuslav Sobotka sagte  Europa brauche keine neuen Vorschläge zur Lösung der Krise  sondern müsse die vereinbarten Maßnahmen umsetzen  So müssten die Schengen Außengrenzen besser gesichert werden ","NA",119350,"C203"
"Mürvet Öztürk","[800,808]",1,2015-09-09,"Grundsätzlich gilt  Was der Bund nicht zeitnah liefern kann  muss die Landesebene abfedern und eigene Projekte anstoßen ","Green",119333,"C204"
"Mürvet Öztürk","[300,309,700,705]",1,2015-09-09,"Man muss Strukturen schaffen oder vorhandene Strukturen so verändern  dass sich Menschen hier von der ersten Stunde an orientieren  ehrenamtliche Helferinnen und Helfer Unterstützung finden  Traumatisierte behandelt werden können ","Green",119333,"C205"
"Bundesregierung","[500,504]",1,2015-09-09,"Jetzt will sie diese Liste um Albanien  Kosovo und Montenegro erweitern ","NA",119333,"C206"
"Grüne","[500,504]",-1,2015-09-09,"Die Grünen sind offiziell kategorisch dagegen ","Green",119333,"C207"
"Mürvet Öztürk","[200,207]",-1,2015-09-09," Für diese Menschen muss man dann eben legale Statuswechsel ihres Aufenthalts ermöglichen und Arbeitsmöglichkeiten schaffen  wenn sie schon hier sind  Ein Einwanderungsgesetz ist gut und wichtig  doch bis es geschrieben und beschlossen ist  können wir nicht alle Schutzsuchenden aus dem Balkan abschieben ","Green",119333,"C208"
"Jean-Claude Juncker","[500,501]",1,2015-09-03,"EU Kommissionspräsident Jean Claude Juncker will vorschlagen  weitere         Flüchtlinge zu verteilen","NA",145828,"C209"
"Donald Tusk","[500,501]",1,2015-09-03,"EU Ratspräsident Donald Tusk hat derweil die   faire Verteilung   von   mindestens         Flüchtlingen   in Europa gefordert","NA",145828,"C210"
"Donald Tusk","[500,501,800,808]",1,2015-09-03,"Er rief alle EU Staats  und Regierungschefs auf    ihre Anstrengungen zu verdoppeln   und   Solidarität   mit den Ländern zu zeigen  die Hauptziel der Flüchtlinge seien ","NA",145828,"C211"
"Martin Kaul","[100,101]",-1,2015-09-02,"Schickt Sonderzüge  jetzt ","NA",127851,"C212"
"Martin Kaul","[100,101]",-1,2015-09-02,"Es benötigt nun  noch heute  Sonderzüge  die ohne Zwischenhalt aus Budapest nach Deutschland fahren und die die Menschen in eine Situation bringen  die ihrer würdig ist  menschenwürdig ","NA",127851,"C213"
"Wolfgang Schäuble","[800,805]",1,2015-09-08,"Schäuble hatte vor einer Woche im Bundestag angekündigt   dass die Bewältigung der Flüchtlingskrise   absolute Priorität   habe und dafür in anderen Bereichen gespart werden müsse  ","CDU",119666,"C214"
"Pro Asyl","[100,105]",-1,2015-09-14," Pro Asyl aber sagt    Flüchtlinge sind Schutzsuchende und keine Gefahr für die öffentliche Ordnung    Die Grenzkontrollen seien daher rechtswidrig ","NA",141019,"C215"
"Österreich","[100,105]",1,2015-09-14,"Auch Österreich kündigte am Montag Kontrollen an seiner Grenze zu Ungarn an  Tschechien und die Slowakei wollen an den Übergängen nach Ungarn beziehungsweise nach Österreich ebenfalls ihre Kontrollen verstärken ","NA",141018,"C216"
"Tschechien","[100,105]",1,2015-09-14,"Auch Österreich kündigte am Montag Kontrollen an seiner Grenze zu Ungarn an  Tschechien und die Slowakei wollen an den Übergängen nach Ungarn beziehungsweise nach Österreich ebenfalls ihre Kontrollen verstärken ","NA",141018,"C217"
"Slowakei","[100,105]",1,2015-09-14,"Auch Österreich kündigte am Montag Kontrollen an seiner Grenze zu Ungarn an  Tschechien und die Slowakei wollen an den Übergängen nach Ungarn beziehungsweise nach Österreich ebenfalls ihre Kontrollen verstärken ","NA",141018,"C218"
"Thomas de Maizière","[100,105]",1,2015-09-13,"Nachdem Bundesinnenminister Thomas de Maizière  CDU  am Sonntag bekannt gab  dass Deutschland vorübergehend wieder Grenzkontrollen einführe  war der Bahnverkehr nach München sogar zeitweise eingestellt worden","CDU",141018,"C219"
"Thomas Oppermann","[100,105]",1,2015-09-14,"Die SPD stellt sich hinter den Innenminister  Von einer   Atempause   sprach SPD Fraktionschef Thomas Oppermann  Die Grenzkontrollen dienten dazu    die Aufnahme der Flüchtlinge wieder in geordnete Bahnen zu bringen    sagte er  ","SPD",141018,"C220"
"CSU","[100,105]",1,2015-09-14,"Die CSU ist stolz darauf  dass die Rückkehr zu Kontrollen nicht zuletzt auf ihre Initiative zurückgeht  ","CSU",141018,"C221"
"Horst Seehofer","[800,805]",1,2015-09-14," Seehofer fordert mehr Geld vom Bund für Länder und Kommunen ","CSU",141018,"C222"
"Horst Seehofer","[800,802]",1,2015-09-14,"Und er will den Bund in die Pflicht nehmen  für die Verteilung der in Deutschland ankommenden Flüchtlinge zu sorgen ","CSU",141018,"C223"
"CSU","[100,105]",1,2015-09-14,"Die CSU ist stolz darauf   dass die Rückkehr zu Grenzkontrollen nicht zuletzt auf ihre Initiative zurückgeht  ","CSU",141018,"C224"
"Steffen Seibert","[700,705]",1,2015-09-14," Es bleibt dabei  Wir schaffen das    sagte Regierungssprecher Steffen Seibert ","CDU",141018,"C225"
"Steffen Seibert","[700,705]",1,2015-09-14," Es bleibt dabei  Wir schaffen das    sagte Regierungssprecher Steffen Seibert ","CDU",141018,"C226"
"Ludwig Spaenle","[100,105]",1,2015-09-13,"Der Münchner CSU Chef kritisiert Kanzlerin Angela Merkel für ihre Entscheidung  Flüchtlinge aus Ungarn unregistriert einreisen zu lassen ","CSU",134083,"C227"
"Christoph Hillenbrand","[700,705]",-1,2015-09-13,"Wir schaffen es nicht mehr ","NA",134083,"C228"
"Angela Merkel","[700,705]",1,2015-09-01,"Die Kanzlerin sagte Anfang September mit Blick auf die Flüchtlingssituation   Wir schaffen das    ","CDU",138906,"C229"
"Papst Franziskus","[700,705]",1,2015-09-08," Jede Gemeinde  jede religiöse Gemeinschaft  jedes Kloster  jede heilige Stätte in Europa sollte eine Familie aufnehmen    Auch der Vatikan wolle zwei Familien aufnehmen ","NA",138111,"C230"
"Angela Merkel","[100,190,700,705]",1,2015-09-07,"An Lob für die deutsche Willkommenskultur herrschte am Montag kein Mangel  als Kanzlerin Angela Merkel  CDU  und SPD Chef Sigmar Gabriel gemeinsam vor die Kameras traten    Deutschland zeigt wirklich ein Bild  auf das wir stolz sein können    sagte Gabriel zu den vielen Ehrenamtlichen  die Flüchtlinge unterstützen  Merkel sprach von einem   bewegenden  zum Teil atemberaubenden Wochenende    ","CDU",115211,"C231"
"Sigmar Gabriel","[100,190,700,705]",1,2015-09-07,"An Lob für die deutsche Willkommenskultur herrschte am Montag kein Mangel  als Kanzlerin Angela Merkel  CDU  und SPD Chef Sigmar Gabriel gemeinsam vor die Kameras traten    Deutschland zeigt wirklich ein Bild  auf das wir stolz sein können    sagte Gabriel zu den vielen Ehrenamtlichen  die Flüchtlinge unterstützen  Merkel sprach von einem   bewegenden  zum Teil atemberaubenden Wochenende    ","SPD",115211,"C232"
"Bundesregierung","[800,803,805]",1,2015-09-07,"Angesichts der Welle an Hilfsbereitschaft  die das Land erfasst hat  will auch die Bundesregierung nicht abseits stehen  Länder und Kommunen sollen im nächsten Jahr   Milliarden Euro zusätzlich vom Bund erhalten  um ihre finanzielle Belastung durch die hohe Zahl an Flüchtlingen abzumildern ","NA",115211,"C233"
"Bundesregierung","[200,202,204,800,805,807]",1,2015-09-07,"Zudem will der Bund eigene Immobilien als Unterkünfte zur Verfügung stellen und darüber hinaus die Schaffung von Wohnraum für Flüchtlinge unterstützen   mit Geld und mit der vorübergehenden Lockerung von Bauvorschriften ","NA",115211,"C234"
"Bundesregierung","[100,104]",1,2015-09-07,"Zudem fanden viele CSU Forderungen  die auf Abschreckung von Flüchtlingen abzielen  Eingang in den Beschluss der Koalition  ","NA",115211,"C235"
"CSU","[100,104]",1,2015-09-07,"Zudem fanden viele CSU Forderungen  die auf Abschreckung von Flüchtlingen abzielen  Eingang in den Beschluss der Koalition  ","CSU",115211,"C236"
"Sigmar Gabriel","[100,102]",1,2015-09-07,"Für Gabriel steht fest  dass sich die für dieses Jahr erwartete Aufnahme von         Flüchtlingen in Deutschland   sich nicht auf Dauer jedes Jahr wiederholen kann   ","SPD",115211,"C237"
"Cem Özdemir","[100,101]",1,2015-09-07," Die Menschen vom Balkan bräuchten andere Einreisemöglichkeiten als die meist aussichtslosen Asylverfahren  sagte Özdemir  ","Green",115211,"C238"
"Günter Burkhardt","[100,104,190]",-1,2015-09-07,"Die Menschenrechtsorganisation Pro Asyl lehnte die Pläne ebenfalls ab    Die Regierung schaltet mit diesen Beschlüssen von Aufnahme auf Abwehr von Flüchtlingen um    sagte Geschäftsführer Günter Burkhardt ","NA",115211,"C239"
"Thomas Galli","[400,405]",1,2015-09-02," Wir reduzieren auch die Terrorgefahr bei uns  wenn wir nicht die Wut der Welt schüren  weil wir trotz unseres Reichtums Flüchtlinge schlecht behandeln ","NA",127732,"C240"
"Sigmar Gabriel","[200,212]",1,2015-09-07,"Falls es doch Geld gibt  soll dies höchstens für einen Monat im Voraus ausgezahlt werden  ","SPD",115211,"C241"
"Flüchtlingsinitiativen","[100,105]",-1,2015-09-11,"Flüchtlingsinitiativen befürworten offene Grenzen ","NA",121071,"C242"
"Große Koalition","[800,812]",1,2015-09-09,"Die Koalition will sie auf drei Monate begrenzen ","NA",119408,"C243"
"Angela Merkel","[100,102]",-1,2015-09-11,"  Das Grundrecht auf Asyl für   politisch Verfolgte kennt keine   Obergrenze  ","CDU",121060,"C244"
"Markus Söder","[100,110]",-1,2015-09-09,"Bayerns Finanzminister Markus Söder  CSU  fordert  die deutschen Asylstandards deutlich zu senken ","CSU",119444,"C245"
"Markus Söder","[100,110]",-1,2015-09-09,"Söder will Asyl  standards senken","CSU",119444,"C246"
"Thomas de Maizière","[100,105]",1,2015-09-01,"In einem ersten Entwurf von CDU Innenminister Thomas de Maizière von Mitte September war vorgesehen  dass bei allen Flüchtlingen gleich an der Bundesgrenze geprüft wird  ob ihre Anträge unzulässig oder offensichtlich unbegründet sind ","CDU",114403,"C247"
"Ines Kappert","[800,802]",1,2015-09-07,"Das Engagement darf nicht länger dafür benutzt werden  die politische Dimension der Katastrophe in der Öffentlichkeit zu marginalisieren  Einzelpersonen können nicht ewig das Staatsversagen ausgleichen ","NA",109447,"C248"
"Ines Kappert","[700,712]",1,2015-09-07,"Also her mit den politischen Einschätzungen der Vertriebenen  Her mit der Diskussion über Lösungsvorschläge  so wie sie in ihren Herkunftsländern diskutiert werden","NA",109447,"C249"
"Ines Kappert","[500,503]",1,2015-09-07,"Es braucht neue Strukturen und neue Konzepte fürs Inland wie fürs Ausland  dazu gehört auch eine Diskussion über die Fluchtursachen ","NA",109447,"C250"
"Angela Merkel","[100,102]",-1,2015-09-11,"Zwar hatte Bundeskanzlerin Angela Merkel  CDU  noch am Freitag in einem Zeitungsinterview verkündet  dass es keine Obergrenze für politisch Verfolgte gebe ","CDU",134094,"C251"
"EU-Innenminister","[500,501]",1,2015-09-13,"Am Montag wollen erneut die EU Innenminister in Brüssel über eine Umverteilung von rund         Flüchtlingen verhandeln ","NA",134094,"C252"
"Thomas de Maizière","[500,509]",1,2015-09-13,"Innenminister de Maizière sagt  Flüchtlinge dürfen sich nicht einfach ein EU Land aussuchen","CDU",134094,"C253"
"Thomas de Maizière","[500,509]",1,2015-09-13,"Er forderte die anderen EU Staaten auf  die Flüchtlinge wieder zu registrieren und deren Asylverfahren durchzuführen ","CDU",134094,"C254"
"Sigmar Gabriel","[100,102]",1,2015-09-13,"Gabriel forderte  das Tempo des Zuzugs müsse gedrosselt werden ","SPD",134094,"C255"
"Angela Merkel","[100,105,500,501]",1,2015-09-13,"Merkel ermahnte die anderen EU Länder  ihre Aufgaben zu erfüllen  Das beginne mit dem Schutz der Außengrenzen ","CDU",134094,"C256"
"ULRIKE HERRMANN","[100,190]",1,2015-09-14,"Als größtes Land musste Deutschland vorangehen  wenn es zu einem Wandel in der europäischen Flüchtlingspolitik kommen sollte ","Green",140996,"C257"
"ULRIKE HERRMANN","[100,105]",1,2015-09-14,"Trotzdem ist es richtig  die Grenzen vorübergehend wieder zu schließen ","Green",140996,"C258"
"ULRIKE HERRMANN","[100,190]",1,2015-09-14,"JA   Der Zickzack war richtig  Erst hat Kanzlerin Merkel die deutschen Grenzen geöffnet   um sie Sonntag vorübergehend wieder zu schließen ","Green",140996,"C259"
"ULRIKE HERRMANN","[100,190]",1,2015-09-14,"JA   Der Zickzack war richtig  Erst hat Kanzlerin Merkel die deutschen Grenzen geöffnet   um sie Sonntag vorübergehend wieder zu schließen ","Green",140996,"C260"
"Martin Reeh","[100,190]",-1,2015-09-14,"NEIN","NA",140996,"C261"
"Martin Reeh","[100,102]",1,2015-09-14,"Aber es ist keine Lösung  sämtliche syrischen Flüchtlinge aus der Türkei  Jordanien und dem Libanon nach Deutschland zu verlagern ","NA",140996,"C262"
"Jean-Claude Juncker","[500,501]",1,2015-09-10," Bulgarien hat sich mit den Vorschlägen von EU Kommissionspräsident Jean Claude Juncker zur Verteilung von Flüchtlingen in Europa einverstanden erklärt ","NA",124366,"C263"
"Bulgarien","[500,501]",1,2015-09-10," Bulgarien hat sich mit den Vorschlägen von EU Kommissionspräsident Jean Claude Juncker zur Verteilung von Flüchtlingen in Europa einverstanden erklärt ","NA",124366,"C264"
"Anjes Tjarks","[200,214]",1,2015-09-13,"Wenn wir nicht den   Gastarbeiter   Fehler wiederholen wollen   wenn wir nicht ignorieren wollen  dass es sich um dauerhafte Zuwanderung handelt    müssen wir diesen Menschen eine dauerhafte Perspektive bieten ","Green",134100,"C265"
"Österreich","[100,105]",-1,2015-09-08,"Österreich  so teilten dessen Behörden am Dienstag mit  verzichte weiterhin auf Kontrollen und lasse Asylsuchende auch ungehindert nach Deutschland passieren ","NA",138079,"C266"
"Anjes Tjarks","[700,706]",1,2015-09-13,"Wir verknüpfen daran auch die Bedingung  dass Freiheit  Pluralismus  Toleranz  Gleichberechtigung von Frauen und Homosexuellen geachtet werden ","Green",134100,"C267"
"Joachim Herrmann","[100,105]",1,2015-09-14,"Der bayerische Innenminister findet die Grenzkontrollen während des Oktoberfestes gut ","CSU",141051,"C268"
"Anjes Tjarks","[700,799]",1,2015-09-13,"Was ankommende Flüchtlinge  die bleiben wollen und sollen  brauchen  ist ein neues Heimatgefühl  ","Green",134100,"C269"
"Österreich","[100,105]",-1,2015-09-08,"Österreich will aus Ungarn kommende Züge vorerst nicht kontrollieren","NA",138079,"C270"
"Bulgarien","[500,501]",1,2015-09-10,"Bulgarien will          aufnehmen","NA",124366,"C271"
"Anjes Tjarks","[300,304]",1,2015-09-13,"Der andere Bestandteil ist  dass wir klare Erwartungen an diejenigen formulieren  die hier dauerhaft leben und Teil unserer Gesellschaft sein wollen ","Green",134100,"C272"
"Anjes Tjarks","[200,204,214,300,301,309,600,601,608]",1,2015-09-13," Das beginnt bei der Unterkunft  geht über Schulbildung  Gesundheitsversorgung  Ausbildungsanerkennung und Arbeitsplätze bis zur deutschen Staatsangehörigkeit ","Green",134100,"C273"
"Anjes Tjarks","[700,705]",1,2015-09-13,"  Ich meine einen Patriotismus  der   Willkommen    sagt  ","Green",134100,"C274"
"Anjes Tjarks","[300,399]",1,2015-09-13,"Wir müssen die Integration besser hinbekommen als in der Vergangenheit ","Green",134100,"C275"
"Anjes Tjarks","[200,216]",1,2015-09-13,"Dieser Patriotismus will Integration  Mit der doppelten Staatsbürgerschaft geben wir den Zuflucht Suchenden die Chance  ein echter Teil der Gesellschaft zu werden  ohne dass wir verlangen  dass sie ihre Wurzeln kappen ","Green",134100,"C276"
"Anjes Tjarks","[700,799]",1,2015-09-13,"Deutschland soll ihnen nicht nur Zuflucht sein  sondern eine Heimat werden ","Green",134100,"C277"
"Slowakei","[100,105]",1,2015-09-14,"Auch die Slowakei und die Niederlande kündigten vorübergehende Kontrollen an und Polen erwägt einen solchen Schritt ","NA",140988,"C278"
"Niederlande","[100,105]",1,2015-09-14,"Auch die Slowakei und die Niederlande kündigten vorübergehende Kontrollen an und Polen erwägt einen solchen Schritt ","NA",140988,"C279"
"Werner Faymann","[100,105]",1,2015-09-14,"Nach einer entsprechenden Entscheidung der Bundesregierung sagte Österreichs Bundeskanzler Werner Faymann gestern in Wien  auch seine Regierung werde nun durch verstärkte Kontrollen ein klares Signal gegen einen   ungeordneten Übergang   über die Staatsgrenze setzen ","NA",140988,"C280"
"osteuropäischen EU-Staaten","[500,501]",-1,2015-09-14,"Vor allem die osteuropäischen EU Staaten wehren sich gegen den Plan eines verbindlichen Quotensystems ","NA",140988,"C281"
"EU","[100,105]",1,2015-09-14,"Immer mehr EU Staaten wollen Polizei an ihren Grenzen einsetzen","NA",140988,"C282"
"Thomas de Maizière","[500,501,800,803]",1,2015-09-14,"Wie Innenminister Thomas de Maizière  CDU  forderten auch mehrere Ministerpräsidenten mehr Solidarität in Europa","CDU",140988,"C283"
"mehrere Ministerpräsidenten","[500,501,800,803]",1,2015-09-14,"Wie Innenminister Thomas de Maizière  CDU  forderten auch mehrere Ministerpräsidenten mehr Solidarität in Europa","NA",140988,"C284"
"Dieter Lauinger","[800,899]",1,2015-09-14,"Hier muss die Bundesregierung ihre Hausaufgaben machen","Green",141002,"C285"
"Katrin Göring-Eckardt","[600,603]",1,2015-09-08,"Daneben brauche   es besseren Zugang zum Arbeitsmarkt für Menschen aus den Westbalkanstaaten  damit sie nicht übers Asylrecht gehen müssten ","Green",138107,"C286"
"Dieter Lauinger","[100,104]",-1,2015-09-14,"Das kann nicht der Sinn von Grenzkontrollen sein und es wäre in meinen Augen wesentlich besser gewesen  wenn die Bundesregierung den Zweck der Maßnahmen stärker kommuniziert hätte ","Green",141002,"C287"
"Dieter Lauinger","[800,804]",1,2015-09-14,"Und er ist übrigens auch dafür zuständig  dass das Bundesamt für Migration und Flüchtlinge endlich ausreichend Mitarbeiter bekommt  um alle Asylverfahren zu bearbeiten ","Green",141002,"C288"
"Dieter Lauinger","[100,105]",1,2015-09-14," Rot Rot Grün betreibt in Thüringen eine großzügige Flüchtlingspolitik  die Kontrollen hält Migrationsminister Lauinger  Grüne  dennoch für richtig","Green",141002,"C289"
"Dieter Lauinger","[500,501]",1,2015-09-14,"Was es aber braucht  ist eine europäische Lösung ","Green",141002,"C290"
"Dieter Lauinger","[800,802]",1,2015-09-14,"Das ist Sache des Bundesinnenministers","Green",141002,"C291"
"Dieter Lauinger","[100,105]",1,2015-09-14,"taz  Herr Lauinger  sind die Kontrollen an der österreichischen Grenze nötig    Dieter Lauinger  Nach den Ereignissen der letzten Woche würde ich sagen  Grenzkontrollen sind jetzt tatsächlich nötig  um zu erfassen  wer zu uns kommt ","Green",141002,"C292"
"Mürvet Öztürk","[100,110]",1,2015-09-08," Für die Verschärfung des Asylrechts auf Kosten Schutzsuchender stehe ich nicht zur Verfügung    schreibt die hessische Landtagsabgeordnete in einer Erklärung  die sie am Dienstag veröffentlichte ","Green",138107,"C293"
"Große Koalition","[500,504]",1,2015-09-08," Die Große Koalition möchte auch Albanien  Kosovo und Montenegro für   sicher   erklären  um Zuwanderungszahlen aus den Balkanstaaten zu senken","NA",138107,"C294"
"Dieter Lauinger","[100,105]",1,2015-09-14,"  Grenzkontrollen sind nötig  um zu erfassen  wer kommt","Green",141002,"C295"
"Jean-Claude Juncker","[500,501]",1,2015-09-03,"Erst waren es         nun sollen mindestens         oder sogar         Flüchtlinge   fair   auf die EU Länder verteilt werden  Dies fordern die beiden EU Präsidenten Jean Claude Juncker und Donald Tusk angesichts der aktuellen Flüchtlingskrise in Europa ","NA",145810,"C296"
"Donald Tusk","[500,501]",1,2015-09-03,"Erst waren es         nun sollen mindestens         oder sogar         Flüchtlinge   fair   auf die EU Länder verteilt werden  Dies fordern die beiden EU Präsidenten Jean Claude Juncker und Donald Tusk angesichts der aktuellen Flüchtlingskrise in Europa ","NA",145810,"C297"
"Deutschland","[500,501]",1,2015-09-03,"Deutschland und Frankreich fordern nun gemeinsam verbindliche Quoten zwischen den EU Ländern für die Aufnahme von Flüchtlingen","NA",145810,"C298"
"Frankreich","[500,501]",1,2015-09-03,"Deutschland und Frankreich fordern nun gemeinsam verbindliche Quoten zwischen den EU Ländern für die Aufnahme von Flüchtlingen","NA",145810,"C299"
"Jean-Claude Juncker","[500,501]",1,2015-09-03," Dies fordern die beiden EU Präsidenten Jean Claude Juncker und Donald Tusk angesichts der aktuellen Flüchtlingskrise in Europa ","NA",145810,"C300"
"Donald Tusk","[500,501]",1,2015-09-03," Dies fordern die beiden EU Präsidenten Jean Claude Juncker und Donald Tusk angesichts der aktuellen Flüchtlingskrise in Europa ","NA",145810,"C301"
"Angela Merkel","[500,501]",1,2015-09-03,"Kanzlerin Angela Merkel sagte am Donnerstag bei einem Besuch in der Schweiz  sie sei sich mit dem französischen Präsidenten François Hollande einig  dass   angesichts der vielen syrischen Bürgerkriegsflüchtlinge innerhalb der Europäischen Union verbindliche Quoten   notwendig seien ","CDU",145810,"C302"
"François Hollande","[500,501]",1,2015-09-03,"Kanzlerin Angela Merkel sagte am Donnerstag bei einem Besuch in der Schweiz  sie sei sich mit dem französischen Präsidenten François Hollande einig  dass   angesichts der vielen syrischen Bürgerkriegsflüchtlinge innerhalb der Europäischen Union verbindliche Quoten   notwendig seien ","NA",145810,"C303"
"Bernhard Pötter","[700,705]",1,2015-09-10,"Werden wir auch dann am Bahnhof stehen und rufen    Refugees Welcome      Schön wäre das ","NA",124322,"C304"
"Steffen Seibert","[800,801]",1,2015-09-04," Regierungssprecher Steffen Seibert wies darauf hin  dass Ungarn verpflichtet sei  dort ankommende Flüchtlinge ordnungsgemäß zu registrieren und Asylverfahren einzuleiten ","CDU",132033,"C305"
"Bundesregierung","[100,105]",1,2015-09-13,"Die Bundesregierung hat für die nach Deutschland kommenden Flüchtlingen am Sonntag wieder die Türen geschlossen ","NA",134094,"C306"
"Horst Seehofer","[100,102]",1,2015-09-06,"Ministerpräsident Horst Seehofer fordert von der Kanzlerin beim Koalitionsgipfel eine klare Position    Wir können nicht als Bundesrepublik bei    Mitgliedstaaten beinahe sämtliche Flüchtlinge aufnehmen  Das hält auf Dauer keine Gesellschaft aus  ","CSU",109349,"C307"
"Dieter Reiter","[800,803]",1,2015-09-06,"Sonntagmittag appelliert Münchens Oberbürgermeister Dieter Reiter    Es ist die uneingeschränkte Solidarität aller Bundesländer gefragt  Diese Unterstützung erwarte ich  ","SPD",109349,"C308"
"Joachim Herrmann","[100,190]",-1,2015-09-06," Bayerns Innenminister Joachim Herrmann bezeichnet die Einreiseerlaubnis als ein   falsches Signal   ","CSU",109349,"C309"
"CSU","[100,190,700,705]",-1,2015-09-06,"Die CSU allerdings bewertet die von Angela Merkel initiierte Aufnahme alles andere als begeistert ","CSU",109349,"C310"
"Dieter Reiter","[800,803]",1,2015-09-06,"Auf die Frage  wann München denn   am Limit   sei  antwortet Reiter    Letzte Woche dachten wir noch        Personen überfordern uns  jetzt kamen fast        Leute an einem Tag  Wir beschäftigen uns also am besten nicht mit den Zahlen  sondern mit der Frage  wie wir die Leute am besten in ganz Deutschland verteilen können  ","SPD",109349,"C311"
"CSU","[100,190,700,705]",-1,2015-09-06," Die CSU kritisiert Angela Merkels Zustimmung zur Aufnahme","CSU",109349,"C312"
"Lukas Wallraff","[700,712]",1,2015-09-06,"Die Diskussion über Härte in der Migrationspolitik müssen auch Linke führen","NA",109412,"C313"
"Angela Merkel","[100,105]",-1,2015-09-04,"Angesichts der dramatischen Situation vereinbarten Bundeskanzlerin Angela Merkel  CDU  und ihr österreichischer Amtskollege Werner Faymann am späten Freitagabend in Absprache mit der ungarischen Regierung eine Ausnahmeregelung  Demnach durften die Flüchtlinge ohne bürokratische Hürden und Kontrollen einreisen  Wien verwies auf eine   Notlage   an der ungarischen Grenze  Ungarn stellte Busse bereit und brachte die Flüchtlinge bis zur österreichischen Grenze ","CDU",109389,"C314"
"Werner Faymann","[100,105]",-1,2015-09-04,"Angesichts der dramatischen Situation vereinbarten Bundeskanzlerin Angela Merkel  CDU  und ihr österreichischer Amtskollege Werner Faymann am späten Freitagabend in Absprache mit der ungarischen Regierung eine Ausnahmeregelung  Demnach durften die Flüchtlinge ohne bürokratische Hürden und Kontrollen einreisen  Wien verwies auf eine   Notlage   an der ungarischen Grenze  Ungarn stellte Busse bereit und brachte die Flüchtlinge bis zur österreichischen Grenze ","NA",109389,"C315"
"CSU","[100,190]",-1,2015-09-06,"Vor einem Koalitionsgipfel am Sonntagabend  bei dem unter anderem geklärt werden sollte  wie viel Geld der Bund den Ländern und Kommunen für die Flüchtlingshilfe zusätzlich zur Verfügung stellen will  bekam Merkel heftige Kritik von der CSU ","CSU",109389,"C316"
"CSU","[100,190]",-1,2015-09-06," CSU kritisiert die Kanzlerin","CSU",109389,"C317"
"Andreas Scheuer","[100,104]",1,2015-09-06," Der massenhafte Zustrom von Flüchtlingen nur nach Deutschland muss gestoppt werden    sagt CSU Generalsekretär Andreas Scheuer ","CSU",109389,"C318"
"Horst Seehofer","[100,104]",1,2015-09-06,"  Das hält auf Dauer keine Gesellschaft aus    ergänzte CSU Parteichef Horst Seehofer ","CSU",109389,"C319"
"Mehr als hundert Flüchtlinge","[100,104]",-1,2015-09-02,"Mehr als hundert Flüchtlinge haben am Mittwoch bei Protesten vor dem Budapester Ostbahnhof die Weiterreise nach Österreich und Deutschland gefordert ","NA",127842,"C320"
"Rieke Havertz","[100,105]",-1,2015-09-13,"Die Bundesregierung setzt damit ein fatales Signal ","NA",134080,"C321"
"Tobias Schulze","[200,212]",1,2015-09-07,"Um die steigende Zahl von Asylbewerbern zu bewältigen  sind Abstriche nötig ","Left",115309,"C322"
"Große Koalition","[500,504]",1,2015-09-13,"  Unter anderem will sie drei weitere Balkanstaaten zu sicheren Herkunftsstaaten erklären ","NA",133160,"C323"
"Viktor Orban","[500,501]",-1,2015-09-04,"Wenn Deutschland sie wirklich eingeladen hat  sollte Deutschland Visa ausstellen    verlangte Orbán ","NA",132033,"C324"
"Jean-Claude Juncker","[500,501]",1,2015-09-11,"Am Montag kommen die EU Innenminister in Brüssel zu einem Sondertreffen zusammen  um über die von Kommissionspräsident Jean Claude Juncker vorgeschlagene Umverteilung der Flüchtlinge zu beraten","NA",120997,"C325"
"Donald Tusk","[500,501]",1,2015-09-11,"Gibt es keine Einigung  will EU Ratspräsident Donald Tusk noch im September einen Sondergipfel zur Flüchtlingskrise einberufen  ","NA",120997,"C326"
"Viktor Orban","[100,106,500,501]",1,2015-09-11,"Orbán und sein Gast waren sich einig  dass die EU ihre Außengrenze schützen müsse ","NA",120983,"C327"
"Manfred Weber","[100,106,500,501]",1,2015-09-11,"Orbán und sein Gast waren sich einig  dass die EU ihre Außengrenze schützen müsse ","CSU",120983,"C328"
"Grüne","[300,301,800,812]",1,2015-09-08,"Führungsleute in Bund und Ländern stimmen sich ständig ab und formulieren gemeinsame Positionen  zu denen zum Beispiel schnellere Asylverfahren und bessere Integrationskonzepte gehören ","Green",138107,"C329"
"Thomas de Maizière","[100,105]",1,2015-09-13,"Wenig später erklärte Bundesinnenminister Thomas de Maizière  CDU   dass es vorübergehend auch wieder Grenzkontrollen gebe ","CDU",134094,"C330"
"Malu Dreyer","[800,808]",1,2015-09-13,"Die Regierungschefs von Rheinland Pfalz und Schleswig Holstein  Malu Dreyer und Torsten Albig  beide SPD   forderten eine Sonderkonferenz der Ministerpräsidenten ","SPD",134094,"C331"
"Torsten Albig","[800,808]",1,2015-09-13,"Die Regierungschefs von Rheinland Pfalz und Schleswig Holstein  Malu Dreyer und Torsten Albig  beide SPD   forderten eine Sonderkonferenz der Ministerpräsidenten ","SPD",134094,"C332"
